Tipo,nombreAlojamiento,Zona,Nhab,Servicios,Fechas,Valoracion,Evaluaciones,Noche,Total
Habitación privada,"Habitacion centro Barcelona, Ciutat Vella room.",Ciutat Vella,2 huéspedes · 1 dormitorio · 1 cama · 1 baño compartido,Wifi · Cocina,17 dic. – 19 dic.,"4,60", (25 evaluaciones),24€,47€ en total
Habitación privada,Agradable habitación en pleno centro de Barcelona,La Font de la Guatlla,"1 huésped · 1 dormitorio · 1 cama · 1,5 baños compartidos",Wifi · Cocina · Aire acondicionado,10 dic. – 12 dic.,"4,57", (449 evaluaciones),29€,57€ en total
Habitación privada,"Room in the city center (Gothic,Rambla,Catedral)",Ciutat Vella,1 huésped · 1 dormitorio · 1 cama · 1 baño compartido,Wifi · Cocina · Lavadora,24 dic. – 26 dic.,"4,48", (120 evaluaciones),25€,50€ en total
Habitación privada,Comfortable single room,Eixample,1 huésped · 1 dormitorio · 1 cama · 1 baño compartido,Wifi · Cocina,31 dic. – 2 ene.,"4,57", (35 evaluaciones),37€,73€ en total
Alojamiento entero: piso,Outstanding aparment &Amazing location :),Ciutat Vella,2 huéspedes · 1 dormitorio · 1 cama · 1 baño,Wifi · Cocina · Aire acondicionado,17 dic. – 19 dic.,"4,77", (35 evaluaciones),85€,170€ en total
Habitación privada,Habitación en Gracia cerca del Park Güell,El Camp d'en Grassot i Gràcia Nova,2 huéspedes · 1 dormitorio · 2 camas · 1 baño compartido,Wifi · Cocina · Lavadora,10 dic. – 12 dic.,"4,78", (201 evaluaciones),29€,57€ en total
Habitación privada,Habitación doble con balcón panorámico,Eixample,2 huéspedes · 1 dormitorio · 1 cama · 1 baño compartido,Wifi,24 dic. – 26 dic.,"4,55", (22 evaluaciones),42€,83€ en total
Habitación privada,Habitacion interior con cama de dos plazas,L'Hospitalet de Llobregat,2 huéspedes · 1 dormitorio · 1 cama · 1 baño compartido,Wifi · Cocina · Lavadora,17 dic. – 19 dic.,"4,44", (232 evaluaciones),23€,45€ en total
Habitación de hotel boutique,Super Suite H4* Gracia Stay & Up n4,Gràcia,2 huéspedes · 1 dormitorio · 1 cama · 1 baño privado,Wifi · Aire acondicionado,10 dic. – 12 dic.,"4,74", (65 evaluaciones),70€,139€ en total
Habitación privada,Small room in the Heart of BARCELONA.,L'Antiga Esquerra de l'Eixample,1 huésped · 1 dormitorio · 1 cama · 1 baño compartido,Wifi,3 dic. – 5 dic.,"4,40", (276 evaluaciones),30€,59€ en total
Habitación de hostal,Habitación Individual con baño compartido,Ciutat Vella,"1 huésped · 1 dormitorio · 1 cama · 1,5 baños compartidos",Wifi · Aire acondicionado,17 dic. – 19 dic.,"4,73", (15 evaluaciones),44€,88€ en total
Habitación privada,Mundi,Ciutat Vella,"1 huésped · 1 dormitorio · 1 cama · 1,5 baños compartidos",Wifi · Cocina · Lavadora,24 dic. – 26 dic.,"4,56", (146 evaluaciones),32€,63€ en total
Habitación privada,Habitación doble en Sagrada Familia,La Sagrada Familia,2 huéspedes · 1 dormitorio · 1 cama · 2 baños compartidos,Wifi · Cocina · Lavadora,10 dic. – 12 dic.,"4,33", (314 evaluaciones),33€,66€ en total
Habitación privada,Private Room with Private Bathroom in BCN Center,Sant Pere-Santa Caterina i la Ribera,2 huéspedes · 1 dormitorio · 1 cama · 1 baño privado,Wifi · Cocina,17 dic. – 19 dic.,"4,87", (30 evaluaciones),65€,130€ en total
Habitación privada,excelente room doble/TV/terraza plaza España/sants,Eixample,2 huéspedes · 1 dormitorio · 1 cama · 2 baños compartidos,Wifi · Cocina,3 dic. – 5 dic.,"4,95", (208 evaluaciones),35€,69€ en total
Habitación privada,Comfortable single room 5' from Sants Station,Distrito de Sants-Montjuïc,1 huésped · 1 dormitorio · 1 cama · 1 baño compartido,Wifi,17 dic. – 19 dic.,"4,88", (120 evaluaciones),39€,77€ en total
Habitación privada,Habitación Individual Barcelona,L'Hospitalet de Llobregat,1 huésped · 1 dormitorio · 1 cama · 1 baño,Wifi,17 dic. – 19 dic.,"4,78", (259 evaluaciones),24€,47€ en total
Habitación privada,Vegan friendly apt - 300m to Sagrada Família,Eixample,2 huéspedes · 1 dormitorio · 1 cama · 1 baño compartido,Wifi · Cocina · Lavadora · Aire acondicionado,17 dic. – 19 dic.,"4,83", (85 evaluaciones),59€,118€ en total
Habitación privada,Beautiful bedroom with balcony in best area,Gràcia,2 huéspedes · 1 dormitorio · 1 cama · 1 baño compartido,Wifi · Cocina,17 dic. – 19 dic.,"4,69", (36 evaluaciones),51€,102€ en total
Habitación privada,Central Room,Sant Marti,"1 huésped · 1 dormitorio · 1 cama · 1,5 baños compartidos",Wifi · Cocina · Lavadora,24 dic. – 26 dic.,"4,42", (101 evaluaciones),29€,58€ en total
Habitación privada,Super Room (A),Ciutat Vella,2 huéspedes · 1 dormitorio · 2 camas · 1 baño compartido,Wifi · Cocina,3 dic. – 5 dic.,"4,56", (308 evaluaciones),42€,83€ en total
Habitación privada,Espectacular habitación doble con balcón,Eixample,2 huéspedes · 1 dormitorio · 1 cama · 2 baños compartidos,Wifi,10 dic. – 12 dic.,"4,61", (18 evaluaciones),42€,83€ en total
Habitación de hotel boutique,Super Suite H4* Gracia Stay & Up n2,Gràcia,2 huéspedes · 1 dormitorio · 1 cama · 1 baño privado,Wifi · Aire acondicionado,10 dic. – 12 dic.,"4,84", (55 evaluaciones),73€,145€ en total
Habitación de hostal,"Hostal Nitzs BCN, Double Room w/ Shared Bathroom",Ciutat Vella,2 huéspedes · 1 dormitorio · 1 cama · 1 baño compartido,Wifi,17 dic. – 19 dic.,"4,33", (36 evaluaciones),49€,98€ en total
Habitación privada,"Cozy room, worthy of you !! ONLY FOR GIRLS",Les Corts,"1 huésped · 1 dormitorio · 1,5 baños compartidos",Wifi · Lavadora,31 dic. – 2 ene.,"4,87", (47 evaluaciones),32€,64€ en total
Habitación,Cozy room 1’ to Las Ramblas,un apartamento con servicios,"2 huéspedes · 1 dormitorio · 1 cama · 1,5 baños compartidos",Wifi · Cocina · Lavadora,10 dic. – 12 dic.,"4,40", (25 evaluaciones),44€,88€ en total
Habitación privada,Quietpen PReïal. Kit,Ciutat Vella,"2 huéspedes · 1 dormitorio · 1 cama · 1,5 baños",Wifi · Cocina · Lavadora · Aire acondicionado,17 dic. – 19 dic.,"4,61", (771 evaluaciones),59€,117€ en total
Habitación privada,Barcelona's Heart,Ciutat Vella,2 huéspedes · 1 dormitorio · 1 cama · 1 baño compartido,Wifi,3 dic. – 5 dic.,"4,49", (261 evaluaciones),42€,83€ en total
Habitación privada,Huge and bright double room,Gràcia,2 huéspedes · 1 dormitorio · 1 cama · 1 baño compartido,Wifi · Cocina,24 dic. – 26 dic.,"4,61", (23 evaluaciones),51€,102€ en total
Habitación privada,Lovely and Cozy Bedroom Barcelona City Center,Sant Pere-Santa Caterina i la Ribera,1 huésped · 1 dormitorio · 1 cama · 1 baño compartido,Wifi · Cocina,24 dic. – 26 dic.,"4,76", (75 evaluaciones),43€,86€ en total
Habitación privada,Charming Place hidden in the center of Barcelona,Ciutat Vella,2 huéspedes · 1 dormitorio · 1 cama · 1 baño compartido,Wifi · Aire acondicionado,10 dic. – 12 dic.,"4,93", (185 evaluaciones),66€,132€ en total
Habitación privada,Single Room in the heart of Barcelona,Ciutat Vella,1 huésped · 1 dormitorio · 1 baño compartido,Wifi · Cocina · Lavadora,17 dic. – 19 dic.,"5,0", (22 evaluaciones),57€,114€ en total
Habitación privada,Double room in Ramblas,Ciutat Vella,2 huéspedes · 1 dormitorio · 1 cama · 1 baño compartido,Wifi,17 dic. – 19 dic.,"4,38", (53 evaluaciones),44€,88€ en total
Habitación privada,Room with private bathroom 5’ to Las Ramblas,Ciutat Vella,2 huéspedes · 1 dormitorio · 1 cama · 1 baño privado,Wifi · Cocina · Lavadora,24 dic. – 26 dic.,"4,09", (140 evaluaciones),43€,85€ en total
Habitación privada,NEW RENOVATED ROOM . SHARE APARMENT,Eixample,2 huéspedes · 1 dormitorio · 1 cama · 2 baños compartidos,Wifi · Cocina · Lavadora,17 dic. – 19 dic.,"4,43", (37 evaluaciones),48€,95€ en total
Habitación privada,A cosy room 2mns to Picasso museum,Sant Pere-Santa Caterina i la Ribera,2 huéspedes · 1 dormitorio · 1 cama · 1 baño compartido,Wifi · Cocina · Lavadora · Aire acondicionado,10 dic. – 12 dic.,"4,90", (70 evaluaciones),49€,97€ en total
Habitación privada,Habitación privada en Sagrada Familia ✨❤️,El Fort Pienc,1 huésped · 1 dormitorio · 1 cama · 1 baño compartido,Wifi,26 nov. – 28 nov.,"4,83", (36 evaluaciones),49€,97€ en total
Habitación privada,(1double room! Historic cente) IN RAMBLAS,Ciutat Vella,2 huéspedes · 1 dormitorio · 2 camas · 1 baño compartido,Wifi · Cocina · Lavadora · Aire acondicionado,17 dic. – 19 dic.,"4,55", (160 evaluaciones),53€,106€ en total
Habitación privada,Airy Private Double Bedroom in Central Barcelona,El Poble Sec,"2 huéspedes · 1 dormitorio · 1 cama · 1,5 baños compartidos",Wifi · Cocina · Lavadora,17 dic. – 19 dic.,"4,76", (22 evaluaciones),42€,84€ en total
Habitación privada,Habitación con terraza privada: RAVAL,Ciutat Vella,"2 huéspedes · 1 dormitorio · 1 cama · 1,5 baños compartidos",Wifi · Cocina · Lavadora,17 dic. – 19 dic.,"4,67", (507 evaluaciones),56€,111€ en total
Habitación privada,Habitación privada Sagrada Familia,La Sagrada Familia,"1 huésped · 1 dormitorio · 2,5 baños compartidos",17 dic. – 19 dic.,"4,60",NA,No hay evaluaciones,36€,71€ en total
Habitación privada,habitacion doble cercana a las fuentes de Montjuic,El Poble Sec,"2 huéspedes · 1 dormitorio · 1 cama · 1,5 baños compartidos",Wifi · Cocina · Lavadora · Aire acondicionado,24 dic. – 26 dic.,"4,73", (15 evaluaciones),36€,71€ en total
Habitación privada,Amplia y cómoda habitación doble con balcón,Eixample,2 huéspedes · 1 dormitorio · 1 cama · 2 baños compartidos,Wifi,17 dic. – 19 dic.,"4,52", (23 evaluaciones),42€,83€ en total
Habitación de hostal,"Hostal Nitzs BCN, Double Room w/ Private Bathroom",Ciutat Vella,2 huéspedes · 1 dormitorio · 1 cama · 1 baño privado,Wifi · Cocina,17 dic. – 19 dic.,"4,46", (13 evaluaciones),59€,118€ en total
Habitación privada,Pequeña♡adorable habitación BCN,La Sagrada Familia,1 huésped · 1 dormitorio · 1 cama · 1 baño compartido,Wifi,31 dic. – 2 ene.,"4,42", (630 evaluaciones),29€,57€ en total
Habitación privada,Villa Gil 2,El Fort Pienc,1 huésped · 1 dormitorio · 1 cama · 1 baño compartido,Wifi,26 nov. – 28 nov.,"4,59", (32 evaluaciones),35€,69€ en total
Habitación privada,Chill-out Room in the heart of Barcelona,Ciutat Vella,"1 huésped · 1 dormitorio · 1 cama · 1,5 baños compartidos",Wifi,10 dic. – 12 dic.,"4,74", (19 evaluaciones),38€,76€ en total
Alojamiento entero: loft,Classical loft close to pedrera!,Eixample,4 huéspedes · 1 dormitorio · 1 cama · 1 baño,Wifi · Cocina · Lavadora · Aire acondicionado,10 dic. – 12 dic.,"4,34", (193 evaluaciones),94€,187€ en total
Habitación de hotel,"Habitación Doble, en el corazón de Barcelona",Ciutat Vella,2 huéspedes · 1 dormitorio · 1 cama · 1 baño privado,Wifi · Aire acondicionado,17 dic. – 19 dic.,"4,14", (29 evaluaciones),69€,138€ en total
Habitación privada,Centric Double Room Private Bathroom,L'Antiga Esquerra de l'Eixample,2 huéspedes · 1 dormitorio · 1 cama · 2 baños,Wifi · Cocina · Lavadora,17 dic. – 19 dic.,"4,76", (108 evaluaciones),51€,102€ en total
Habitación privada,Ile 2,Distrito de Horta-Guinardó,1 huésped · 1 dormitorio · 1 baño compartido,Wifi · Cocina · Aire acondicionado,10 dic. – 12 dic.,"4,74", (39 evaluaciones),30€,59€ en total
Habitación de hotel boutique,"Hostal Khronos, Double Room with Balcony",Eixample,2 huéspedes · 1 dormitorio · 1 cama · 1 baño privado,Wifi · Aire acondicionado,17 dic. – 19 dic.,"4,55", (64 evaluaciones),77€,153€ en total
Habitación privada,"Bonitas vistas en el centro ,",Distrito de Sants-Montjuïc,2 huéspedes · 1 dormitorio · 1 baño compartido,Wifi,17 dic. – 19 dic.,"4,79", (19 evaluaciones),30€,60€ en total
Alojamiento entero: piso,Apto. céntrico ideal para parejas,Distrito de Sants-Montjuïc,"2 huéspedes · 1 dormitorio · 1 cama · 1,5 baños",Wifi · Cocina · Lavadora · Aire acondicionado,26 nov. – 28 nov.,"4,52", (308 evaluaciones),71€,141€ en total
Habitación privada,Spacious Cosy room & Private balcony and bathroom,Eixample,2 huéspedes · 1 dormitorio · 1 cama · 1 baño privado,Wifi · Aire acondicionado,10 dic. – 12 dic.,"5,0", (3 evaluaciones),53€,105€ en total
Habitación privada,Bonito piso en Barcelona!,Eixample,"2 huéspedes · 1 dormitorio · 1 cama · 1,5 baños compartidos",Wifi · Cocina,10 dic. – 12 dic.,"4,87", (15 evaluaciones),51€,102€ en total
Habitación privada,Single Room In La Barceloneta For a Female Guest,Ciutat Vella,1 huésped · 1 dormitorio · 1 cama · 1 baño compartido,Wifi · Cocina · Lavadora · Aire acondicionado,17 dic. – 19 dic.,"4,45", (31 evaluaciones),26€,52€ en total
Habitación de hotel,Hola Hostal Eixample. Cama en dormitorio 24pax,Eixample,1 huésped · 1 dormitorio,Wifi · Cocina · Lavadora · Aire acondicionado,19 nov. – 21 nov.,"4,43", (702 evaluaciones),19€,38€ en total
Alojamiento entero: piso,Double bed Studio next to the beach La Barceloneta,Ciutat Vella,2 huéspedes · 1 dormitorio · 1 cama · 1 baño,Wifi · Cocina · Lavadora · Aire acondicionado,24 dic. – 26 dic.,NA,No hay evaluaciones,94€,187€ en total
Habitación privada,Nice room with private bathroom in center,Ciutat Vella,2 huéspedes · 1 dormitorio · 1 cama · 1 baño privado,Wifi · Cocina · Lavadora,10 dic. – 12 dic.,"4,59", (22 evaluaciones),58€,116€ en total
Alojamiento entero: piso,Impresionante apartamento en la playa,Sant Marti,4 huéspedes · 1 dormitorio · 2 camas · 1 baño,Wifi · Cocina · Lavadora · Aire acondicionado,17 dic. – 19 dic.,"4,71", (360 evaluaciones),93€,185€ en total
Habitación privada,Cozy room in the heart of BARCELONA,Gràcia,2 huéspedes · 1 dormitorio · 2 camas · 1 baño compartido,Wifi,26 nov. – 28 nov.,"4,77", (74 evaluaciones),55€,109€ en total
Habitación privada,Lovely doble room in the center of BCN,Eixample,"2 huéspedes · 1 dormitorio · 1 cama · 1,5 baños compartidos",Wifi,10 dic. – 12 dic.,"4,30", (88 evaluaciones),33€,66€ en total
Habitación privada,圣家堂附近单人间,Eixample,"1 huésped · 1 dormitorio · 1,5 baños compartidos",Wifi · Lavadora,31 dic. – 2 ene.,"4,86", (7 evaluaciones),26€,51€ en total
Habitación privada,confortable room,Distrito de Sants-Montjuïc,2 huéspedes · 1 dormitorio · 1 cama · 1 baño compartido,Wifi · Cocina · Lavadora,17 dic. – 19 dic.,"4,47", (34 evaluaciones),36€,71€ en total
Alojamiento entero: piso,NEW APARMENT PERFECT LOCATION,Ciutat Vella,2 huéspedes · Estudio · 1 cama · 1 baño,Wifi · Cocina · Lavadora · Aire acondicionado,19 nov. – 21 nov.,"4,69", (260 evaluaciones),115€,229€ en total
Habitación privada,SINGLE private bedroom,Sant Marti,1 huésped · 1 dormitorio · 1 cama · 1 baño compartido,Wifi · Cocina,17 dic. – 19 dic.,"4,81", (21 evaluaciones),24€,47€ en total
Habitación privada,Mihlton B&B Habitación individual baño privado,Eixample,1 huésped · 1 dormitorio · 1 cama · 1 baño privado,Wifi · Aire acondicionado,17 dic. – 19 dic.,"4,67", (21 evaluaciones),59€,118€ en total
Habitación privada,Central Single Room Near Plaza Catalunya,Ciutat Vella,1 huésped · 1 dormitorio · 1 cama · 1 baño compartido,Wifi · Cocina · Lavadora,24 dic. – 26 dic.,"4,80", (106 evaluaciones),48€,95€ en total
Habitación privada,Habitación privada en el Born,Sant Pere-Santa Caterina i la Ribera,2 huéspedes · 1 dormitorio · 1 cama · 1 baño compartido,Wifi · Cocina,10 dic. – 12 dic.,"4,50", (95 evaluaciones),52€,104€ en total
Alojamiento entero: loft,PRIVATE LOFT IN THE BORNE,Sant Pere-Santa Caterina i la Ribera,"2 huéspedes · Estudio · 2 camas · 1,5 baños",Wifi · Cocina · Lavadora · Aire acondicionado,10 dic. – 12 dic.,"5,0", (10 evaluaciones),95€,189€ en total
Habitación privada,Habitación doble Barcelona Centro,Ciutat Vella,2 huéspedes · 1 dormitorio · 1 cama · 1 baño,Wifi · Cocina · Lavadora,17 dic. – 19 dic.,"4,50", (52 evaluaciones),44€,88€ en total
Habitación privada,Room Sagrada Familia + Rooftop,Eixample,2 huéspedes · 1 dormitorio · 1 cama · 1 baño compartido,Wifi · Cocina · Lavadora,10 dic. – 12 dic.,"4,65", (21 evaluaciones),51€,101€ en total
Habitación de hostal,Habitación Doble con baño privado externo- 1 cama,Ciutat Vella,"2 huéspedes · 1 dormitorio · 1 cama · 1,5 baños",Wifi · Aire acondicionado,17 dic. – 19 dic.,NA,No hay evaluaciones,65€,130€ en total
Habitación privada,Quietpen PReïal. Rooftop,Ciutat Vella,2 huéspedes · 1 dormitorio · 1 cama · 1 baño privado,Wifi · Cocina · Lavadora · Aire acondicionado,17 dic. – 19 dic.,"4,62", (617 evaluaciones),63€,125€ en total
Habitación privada,Private Double Bedroom in Central Barcelona,El Poble Sec,"2 huéspedes · 1 dormitorio · 1 cama · 1,5 baños compartidos",Wifi · Cocina · Lavadora,17 dic. – 19 dic.,"5,0", (27 evaluaciones),54€,107€ en total
Habitación privada,Beach modern spacious room Queen bed in Poblenou,Sant Marti,2 huéspedes · 1 dormitorio · 1 cama · 1 baño compartido,Wifi · Cocina · Lavadora · Aire acondicionado,17 dic. – 19 dic.,"5,0", (12 evaluaciones),53€,106€ en total
Habitación privada,Room with big bed,Ciutat Vella,2 huéspedes · 1 dormitorio · 1 cama · 1 baño compartido,Wifi · Cocina · Aire acondicionado,26 nov. – 28 nov.,"4,56", (117 evaluaciones),40€,79€ en total
Alojamiento entero: alojamiento residencial,Ameno Atico: cerca de la playa pero céntrico,Sant Marti,3 huéspedes · 1 dormitorio · 4 camas · 1 baño,Wifi · Cocina · Lavadora · Aire acondicionado,17 dic. – 19 dic.,"4,74", (260 evaluaciones),119€,238€ en total
Habitación privada,Ile1,Distrito de Horta-Guinardó,1 huésped · 1 dormitorio · 1 cama · 1 baño compartido,Wifi · Cocina · Aire acondicionado,3 dic. – 5 dic.,"4,45", (40 evaluaciones),32€,64€ en total
Alojamiento entero: loft,Cozy Studio Loft close to Metro and Camp Nou,L'Hospitalet de Llobregat,3 huéspedes · 1 dormitorio · 1 cama · 1 baño,Wifi · Cocina · Lavadora · Aire acondicionado,26 nov. – 28 nov.,"4,67", (150 evaluaciones),68€,135€ en total
Habitación privada,Gorgeous room with balcony in the city center,Ciutat Vella,2 huéspedes · 1 dormitorio · 1 cama · 1 baño compartido,Wifi · Cocina · Lavadora · Aire acondicionado,3 dic. – 5 dic.,"4,80", (199 evaluaciones),64€,127€ en total
Habitación privada,Nice Flat at Barcelona,Ciutat Vella,"1 huésped · 1 dormitorio · 1,5 baños compartidos",Wifi · Cocina · Lavadora · Aire acondicionado,19 nov. – 21 nov.,"4,25", (72 evaluaciones),36€,71€ en total
Habitación privada,casa DERY Barcelona,Ciutat Vella,2 huéspedes · 1 dormitorio · 1 cama · 1 baño compartido,Wifi · Cocina · Lavadora,17 dic. – 19 dic.,"4,38", (13 evaluaciones),28€,55€ en total
Habitación privada,Habitación individual a 15' del centro,Distrito de Horta-Guinardó,1 huésped · 1 dormitorio · 1 cama · 1 baño privado,Wifi · Cocina · Lavadora · Aire acondicionado,12 nov. – 14 nov.,"4,95", (116 evaluaciones),42€,83€ en total
Habitación privada,"El Faro, Habitacion privada 1",Distrito de Horta-Guinardó,2 huéspedes · 1 dormitorio · 1 cama · 1 baño compartido,Wifi · Cocina · Lavadora,31 dic. – 2 ene.,"4,56", (61 evaluaciones),42€,83€ en total
Habitación privada,Spacious room with natural light and privacy,Ciutat Vella,"2 huéspedes · 1 dormitorio · 2 camas · 1,5 baños compartidos",Wifi · Cocina · Lavadora,26 nov. – 28 nov.,"4,64", (14 evaluaciones),56€,112€ en total
Habitación de hotel boutique,Double Room Gallery extra bed,Eixample,2 huéspedes · 1 dormitorio · 2 camas · 1 baño,Wifi · Aire acondicionado,17 dic. – 19 dic.,"4,29", (7 evaluaciones),80€,160€ en total
Habitación privada,Hab X 2 :) Hospital Sant Pau y Sagrada Familia,Sant Marti,2 huéspedes · 1 dormitorio · 1 cama · 1 baño compartido,Wifi · Cocina,10 dic. – 12 dic.,"4,59", (98 evaluaciones),45€,89€ en total
Habitación de hostal,Habitación Doble con baño compartido - 2 camas,Ciutat Vella,"2 huéspedes · 1 dormitorio · 2 camas · 1,5 baños compartidos",Wifi · Aire acondicionado,10 dic. – 12 dic.,"4,86", (7 evaluaciones),58€,116€ en total
Habitación privada,Room to rent in central Barcelona near la rambla,Ciutat Vella,2 huéspedes · 1 dormitorio · 1 baño privado,Wifi · Cocina · Lavadora,17 dic. – 19 dic.,"5,0", (3 evaluaciones),64€,127€ en total
Alojamiento entero: piso,CAMP NOU VACACIONES APARTAMENT 3 ROOMS WI-FI FREE,L'Hospitalet de Llobregat,4 huéspedes · 3 dormitorios · 4 camas · 1 baño,Wifi · Cocina · Lavadora · Aire acondicionado,10 dic. – 12 dic.,"4,57", (196 evaluaciones),81€,162€ en total
Habitación privada,Habitación en pleno centro de barcelona,Les Corts,1 huésped · 1 dormitorio · 1 cama · 1 baño compartido,Wifi · Cocina,31 dic. – 2 ene.,"4,75", (16 evaluaciones),43€,85€ en total
Alojamiento entero: piso,Precioso Estudio en Barcelona *Bcn* E04,Eixample,3 huéspedes · 1 dormitorio · 1 cama · 1 baño,Tu anfitrión es una empresa · Wifi · Cocina · Lavadora,10 dic. – 12 dic.,"4,62", (63 evaluaciones),103€,206€ en total
Habitación privada,Habitacion sensilla confortable en casa familiar,Sant Marti,1 huésped · 1 dormitorio · 1 cama · 1 baño,Wifi,3 dic. – 5 dic.,"4,73", (198 evaluaciones),31€,62€ en total
Habitación privada,Precioso apartamento cerca de Sagrada Familia,Sant Marti,2 huéspedes · 1 dormitorio · 1 cama · 1 baño compartido,Wifi · Cocina · Lavadora,3 dic. – 5 dic.,NA,No hay evaluaciones,41€,81€ en total
Habitación privada,Habitación dobe con terraza en el Gracia,Gràcia,2 huéspedes · 1 dormitorio · 1 cama · 1 baño compartido,Wifi · Aire acondicionado,24 dic. – 26 dic.,"4,17", (153 evaluaciones),39€,77€ en total
Habitación privada,Design Catalan Room El Born for 2 Persons,Sant Pere-Santa Caterina i la Ribera,2 huéspedes · 1 dormitorio · 1 cama · 1 baño compartido,Wifi · Cocina · Lavadora,10 dic. – 12 dic.,"4,79", (29 evaluaciones),63€,125€ en total
Habitación privada,Gran Habitación en el Centro de Barcelona,Eixample,2 huéspedes · 1 dormitorio · 1 cama · 1 baño compartido,Wifi · Cocina · Lavadora,17 dic. – 19 dic.,"4,75", (414 evaluaciones),76€,151€ en total
Alojamiento entero: loft,Un espacio con encanto en Barcelona,Distrito de Sants-Montjuïc,1 huésped · Estudio · 2 camas · 1 baño,Wifi · Cocina · Lavadora · Aire acondicionado,24 dic. – 26 dic.,"4,81", (442 evaluaciones),107€,213€ en total
Habitación privada,Twin Room Central + Close to the beach,Sant Marti,"2 huéspedes · 1 dormitorio · 2 camas · 1,5 baños",Wifi · Cocina,24 dic. – 26 dic.,"4,50", (20 evaluaciones),48€,95€ en total
Habitación privada,Habitación acogedora en el Centro de Barcelona,Ciutat Vella,2 huéspedes · 1 dormitorio · 1 baño,Wifi,10 dic. – 12 dic.,"4,31", (26 evaluaciones),53€,106€ en total
Habitación privada,Charming private 1 bedroom w/ balcony in Poble Sec,El Poble Sec,2 huéspedes · 1 dormitorio · 1 cama · 1 baño compartido,Wifi · Cocina · Lavadora,26 nov. – 28 nov.,"4,86", (101 evaluaciones),53€,106€ en total
Habitación privada,habitación centrica a 15' en tren d plaza cataluña,L'Hospitalet de Llobregat,"1 huésped · 1 dormitorio · 1 cama · 1,5 baños",Wifi · Cocina · Lavadora,10 dic. – 12 dic.,"4,88", (114 evaluaciones),19€,38€ en total
Alojamiento entero: piso,Sunny apartment next to Sagrada Familia,La Sagrada Familia,2 huéspedes · 1 dormitorio · 1 cama · 1 baño,Tu anfitrión es una empresa · Wifi · Cocina · Aire acondicionado,10 dic. – 12 dic.,"4,90", (21 evaluaciones),110€,220€ en total
Habitación de hostal,Habitación Doble con baño privado - 1 cama doble,Ciutat Vella,"2 huéspedes · 1 dormitorio · 1 cama · 1,5 baños",Wifi · Aire acondicionado,17 dic. – 19 dic.,"4,90", (10 evaluaciones),69€,138€ en total
Habitación privada,BEAUTIFUL DOUBLE ROOM Sagrada Familia,La Sagrada Familia,2 huéspedes · 1 dormitorio · 1 cama · 1 baño compartido,Wifi · Cocina · Lavadora,10 dic. – 12 dic.,"4,94", (49 evaluaciones),58€,116€ en total
Alojamiento entero: loft,Stylish 1-bedroom Apartment + Loft/Downtown BCN,Eixample,5 huéspedes · 1 dormitorio · 1 cama · 1 baño,Wifi · Cocina · Lavadora · Aire acondicionado,10 dic. – 12 dic.,"4,68", (191 evaluaciones),114€,227€ en total
Habitación privada,Private -bedroom,Sant Pere-Santa Caterina i la Ribera,2 huéspedes · 1 dormitorio · 4 camas · 1 baño compartido,Wifi · Cocina · Lavadora,10 dic. – 12 dic.,"4,47", (49 evaluaciones),43€,85€ en total
Habitación privada,Centric bedroom with private bath & views,Eixample,2 huéspedes · 1 dormitorio · 1 cama · 1 baño privado,Wifi · Aire acondicionado,10 dic. – 12 dic.,"4,86", (14 evaluaciones),55€,110€ en total
Habitación privada,"Hogar Coris (gata) Conxa,Prat,playas,Fira,",L'Hospitalet de Llobregat,1 huésped · 1 dormitorio · 1 cama · 1 baño compartido,Wifi,24 dic. – 26 dic.,"4,55", (280 evaluaciones),26€,52€ en total
Alojamiento entero: piso,Nice & Cozy Apartment in Gracia,Gràcia,4 huéspedes · 1 dormitorio · 2 camas · 1 baño,Wifi · Cocina · Lavadora · Aire acondicionado,10 dic. – 12 dic.,"4,87", (423 evaluaciones),124€,247€ en total
Habitación privada,Luxury room with private bathroom at Las Ramblas,Ciutat Vella,2 huéspedes · 1 dormitorio · 1 cama · 1 baño compartido,Wifi · Cocina · Aire acondicionado,17 dic. – 19 dic.,"4,81", (21 evaluaciones),78€,156€ en total
Habitación privada,"Enjoy Room, private bathroom, center near beach",Ciutat Vella,4 huéspedes · 1 dormitorio · 3 camas · 1 baño privado,Wifi · Cocina · Aire acondicionado,17 dic. – 19 dic.,"4,40", (84 evaluaciones),70€,139€ en total
Habitación privada,Cozy Room in Eixample (downtown Barcelona) 3,L'Antiga Esquerra de l'Eixample,"2 huéspedes · 1 dormitorio · 1 cama · 1,5 baños compartidos",Wifi · Cocina · Lavadora,17 dic. – 19 dic.,"4,39", (23 evaluaciones),61€,121€ en total
Habitación privada,Habitación doble/Sagrada Familia-Barcelona,La Sagrada Familia,2 huéspedes · 1 dormitorio · 1 cama · 1 baño compartido,Wifi · Cocina,17 dic. – 19 dic.,"4,45", (38 evaluaciones),45€,89€ en total
Habitación privada,A small individual room in a sharing apartment,Ciutat Vella,1 huésped · 1 dormitorio · 1 baño compartido,Wifi,17 dic. – 19 dic.,"4,64", (124 evaluaciones),39€,77€ en total
Alojamiento entero: piso,Little Pretty Place... en el Corazón de Barcelona,L'Antiga Esquerra de l'Eixample,4 huéspedes · 2 dormitorios · 4 camas · 1 baño,Wifi · Cocina · Lavadora · Aire acondicionado,17 dic. – 19 dic.,"4,50", (273 evaluaciones),100€,200€ en total
Habitación privada,Secret Room For 2 Persons / Centre El Born,Sant Pere-Santa Caterina i la Ribera,2 huéspedes · 1 dormitorio · 1 cama · 1 baño compartido,Wifi · Cocina · Lavadora,17 dic. – 19 dic.,"4,58", (69 evaluaciones),67€,134€ en total
Alojamiento entero: piso,SUITE 30m2. AirCond. Heating. WIFI. LIFT. PARKING.,El Putxet i el Farró,2 huéspedes · 1 dormitorio · 2 camas · 1 baño,Wifi · Cocina · Aire acondicionado,3 dic. – 5 dic.,"4,51", (231 evaluaciones),96€,192€ en total
Alojamiento entero: piso,"SAN&SUN, vintage loft in city center",El Poble Sec,4 huéspedes · 1 dormitorio · 2 camas · 1 baño,Wifi · Cocina · Aire acondicionado,10 dic. – 12 dic.,"4,71", (391 evaluaciones),101€,201€ en total
Habitación privada,Habitación privada en plena de Barcelona,Sant Marti,2 huéspedes · 1 dormitorio · 1 cama · 1 baño compartido,Wifi · Cocina · Aire acondicionado,26 nov. – 28 nov.,"4,84", (43 evaluaciones),48€,95€ en total
Habitación privada,Habitacion en centro de Barcelona con baño privado,La Sagrada Familia,2 huéspedes · 1 dormitorio · 1 cama · 1 baño privado,Wifi,24 dic. – 26 dic.,"4,66", (207 evaluaciones),59€,118€ en total
Alojamiento entero: piso,2-1 · Loft a 10 minutos de la Sagrada Familia,Eixample,4 huéspedes · 1 dormitorio · 1 cama · 1 baño,Wifi · Cocina · Lavadora · Aire acondicionado,17 dic. – 19 dic.,"4,58", (12 evaluaciones),117€,233€ en total
Habitación privada,Room x 4 people ramblas beach,Ciutat Vella,4 huéspedes · 1 dormitorio · 3 camas · 1 baño compartido,Wifi · Cocina · Lavadora · Aire acondicionado,17 dic. – 19 dic.,"4,29", (24 evaluaciones),71€,141€ en total
Habitación privada,habitacion 1 en el parque guell limpia y tranquila,La Teixonera,"2 huéspedes · 1 dormitorio · 1,5 baños",Wifi,10 dic. – 12 dic.,"4,32", (22 evaluaciones),33€,65€ en total
Habitación de hostal,Doble con baño compartido y ducha privada- 2 camas,Ciutat Vella,"2 huéspedes · 1 dormitorio · 2 camas · 1,5 baños compartidos",Wifi · Aire acondicionado,17 dic. – 19 dic.,"4,50", (8 evaluaciones),59€,118€ en total
Alojamiento entero: piso,PB2 Light&Dream / Connected Airport&Downtown,Pubilla Cases,2 huéspedes · 1 dormitorio · 2 camas · 1 baño,Wifi · Cocina · Aire acondicionado,26 nov. – 28 nov.,"4,61", (33 evaluaciones),71€,141€ en total
Habitación privada,42sqm Suite Next to Plaza Catalunya,Ciutat Vella,4 huéspedes · 1 dormitorio · 2 camas · 1 baño privado,Wifi · Cocina,24 dic. – 26 dic.,"4,81", (16 evaluaciones),84€,168€ en total
Alojamiento entero: piso,Penthouse with terrace (plaza España),Hostafrangs,2 huéspedes · 1 dormitorio · 1 cama · 1 baño,Wifi · Cocina · Lavadora · Aire acondicionado,24 dic. – 26 dic.,"4,83", (60 evaluaciones),96€,192€ en total
Habitación privada,Cómoda Habitación Individual al lado de Aeropuerto,El Prat de Llobregat,1 huésped · 1 dormitorio · 1 cama · 1 baño compartido,Wifi · Cocina · Lavadora · Aire acondicionado,31 dic. – 2 ene.,"4,95", (104 evaluaciones),30€,60€ en total
Habitación privada,Cosy Room in the heart of Barcelona,Ciutat Vella,2 huéspedes · 1 dormitorio · 1 cama · 1 baño compartido,Wifi · Cocina · Lavadora · Aire acondicionado,3 dic. – 5 dic.,"4,69", (49 evaluaciones),59€,118€ en total
Habitación privada,Room in the heart of barcelona - La Rambla,Ciutat Vella,2 huéspedes · 1 dormitorio · 1 cama · 1 baño privado,Wifi · Cocina · Lavadora,10 dic. – 12 dic.,"4,69", (109 evaluaciones),62€,124€ en total
Habitación privada,Central room in plaza España,Hostafrangs,"2 huéspedes · 1 dormitorio · 1 cama · 1,5 baños compartidos",Wifi · Cocina · Aire acondicionado,17 dic. – 19 dic.,"4,75", (4 evaluaciones),53€,106€ en total
Habitación privada,Luxury Room with En Suite Bathroom,Ciutat Vella,2 huéspedes · 1 dormitorio · 1 cama · 1 baño privado,Wifi · Cocina · Aire acondicionado,10 dic. – 12 dic.,"4,72", (32 evaluaciones),78€,156€ en total
Apartamento con servicios entero,Camp Nou HOLIDAYS APARTAMENT Smart TV+ Wi-Fi FREE,L'Hospitalet de Llobregat,4 huéspedes · 2 dormitorios · 3 camas · 1 baño,Wifi · Cocina · Lavadora · Aire acondicionado,10 dic. – 12 dic.,"4,76", (17 evaluaciones),76€,151€ en total
Habitación privada,"Doble Room, Ramblas. Habitación doble",Ciutat Vella,2 huéspedes · 1 dormitorio · 1 cama · 1 baño compartido,Wifi,17 dic. – 19 dic.,"4,40", (42 evaluaciones),52€,103€ en total
Habitación privada,Double room in Sagrada Familia.,La Sagrada Familia,2 huéspedes · 1 dormitorio · 1 cama · 1 baño compartido,Wifi · Cocina · Lavadora,17 dic. – 19 dic.,"4,87", (68 evaluaciones),51€,101€ en total
Alojamiento entero: loft,Precioso Estudio en Barcelona *Bcn* E01,Eixample,3 huéspedes · 1 dormitorio · 1 cama · 1 baño,Tu anfitrión es una empresa · Wifi · Cocina · Lavadora,10 dic. – 12 dic.,"4,57", (59 evaluaciones),103€,206€ en total
Habitación privada,SUNNY room for 2 or 3 person near sagrada familia,Distrito de Horta-Guinardó,3 huéspedes · 1 dormitorio · 2 camas · 1 baño compartido,Wifi · Cocina,26 nov. – 28 nov.,"4,0", (19 evaluaciones),41€,82€ en total
Habitación privada,Habitación amplia en casa antigua,Gràcia,"2 huéspedes · 1 dormitorio · 1 cama · 2,5 baños compartidos",Wifi · Lavadora,24 dic. – 26 dic.,"4,45", (11 evaluaciones),45€,89€ en total
Alojamiento entero: piso,City center Gràcia 5 min to Sagrada Familia,Gràcia,6 huéspedes · 3 dormitorios · 3 camas · 1 baño,Wifi · Cocina · Lavadora · Aire acondicionado,10 dic. – 12 dic.,"4,67", (21 evaluaciones),114€,228€ en total
Habitación privada,Habitación con dos camas individuales en Poblesec,El Poble Sec,2 huéspedes · 1 dormitorio · 2 camas · 1 baño compartido,Wifi · Cocina · Aire acondicionado,17 dic. – 19 dic.,"4,81", (42 evaluaciones),42€,83€ en total
Habitación privada,Súper nice room for a balcony,Ciutat Vella,2 huéspedes · 1 dormitorio · 1 cama · 1 baño compartido,Wifi · Cocina · Lavadora,10 dic. – 12 dic.,"4,58", (105 evaluaciones),65€,130€ en total
Habitación de hostal,Cozy and Modern Single Room,Eixample,1 huésped · 1 dormitorio · 1 cama · 1 baño privado,Wifi · Lavadora · Aire acondicionado,10 dic. – 12 dic.,"4,75", (80 evaluaciones),62€,124€ en total
Habitación privada,Best location La Rambla private bathroom and A.C,Ciutat Vella,2 huéspedes · 1 dormitorio · 1 cama · 1 baño privado,Wifi · Lavadora,3 dic. – 5 dic.,"4,59", (99 evaluaciones),65€,130€ en total
Habitación privada,Room + Bathroom PRÍVATE+Breakfast/Saniticed,Distrito de San Andrés,3 huéspedes · 1 dormitorio · 2 camas · 1 baño privado,Wifi · Cocina · Aire acondicionado,10 dic. – 12 dic.,"4,94", (81 evaluaciones),65€,130€ en total
Habitación privada,"Sagrada familia, céntrico exterior.Piso particular",La Sagrada Familia,"2 huéspedes · 1 dormitorio · 1 cama · 1,5 baños compartidos",Wifi · Cocina · Lavadora · Aire acondicionado,17 dic. – 19 dic.,"5,0", (4 evaluaciones),45€,90€ en total
Habitación privada,Nice Room Macba,Ciutat Vella,"2 huéspedes · 1 dormitorio · 1 cama · 1,5 baños compartidos",Wifi,26 nov. – 28 nov.,"4,81", (367 evaluaciones),65€,130€ en total
Habitación privada,Habitación doble muy cómoda/sagrada familia,Distrito de Horta-Guinardó,2 huéspedes · 1 dormitorio · 1 cama · 1 baño compartido,Wifi · Cocina,17 dic. – 19 dic.,"4,64", (11 evaluaciones),39€,78€ en total
Alojamiento entero: loft,MODERN LOFT CAMP NOU WITH WI-FI AND AIRE,L'Hospitalet de Llobregat,4 huéspedes · 2 dormitorios · 3 camas · 1 baño,Wifi · Cocina · Lavadora · Aire acondicionado,10 dic. – 12 dic.,"4,65", (124 evaluaciones),81€,162€ en total
Habitación privada,B&B 1 -Habitación privada cerca Estación de Sants.,Distrito de Sants-Montjuïc,1 huésped · 1 dormitorio · 1 cama · 2 baños compartidos,Wifi,19 nov. – 21 nov.,"4,32", (56 evaluaciones),36€,71€ en total
Alojamiento entero: piso,Precioso Apartamento en Barcelona *Bcn* E02,Eixample,3 huéspedes · 1 dormitorio · 2 camas · 1 baño,Wifi · Cocina · Aire acondicionado,10 dic. – 12 dic.,"4,60", (84 evaluaciones),103€,206€ en total
Alojamiento entero: loft,Precioso Loft en Barcelona *Bcn* E03.,Eixample,3 huéspedes · Estudio · 2 camas · 1 baño,Tu anfitrión es una empresa · Wifi · Cocina · Aire acondicionado,10 dic. – 12 dic.,"4,56", (87 evaluaciones),103€,206€ en total
Habitación de hostal,Habitación Doble con baño privado - 2 camas,Ciutat Vella,"2 huéspedes · 1 dormitorio · 2 camas · 1,5 baños",Wifi · Aire acondicionado,24 dic. – 26 dic.,"5,0", (7 evaluaciones),69€,138€ en total
Habitación privada,Habitación tranquila,Distrito de San Andrés,"2 huéspedes · 1 dormitorio · 1 cama · 1,5 baños",Wifi · Cocina · Lavadora,17 dic. – 19 dic.,"4,55", (41 evaluaciones),36€,71€ en total
Habitación privada,Habitación moderna en el born,Sant Pere-Santa Caterina i la Ribera,2 huéspedes · 1 dormitorio · 2 camas · 1 baño compartido,Wifi,17 dic. – 19 dic.,"4,78", (380 evaluaciones),52€,103€ en total
Habitación privada,Gorgeous vintage room with AC (old town),Sant Pere-Santa Caterina i la Ribera,2 huéspedes · 1 dormitorio · 1 cama · 1 baño compartido,Wifi · Cocina · Lavadora · Aire acondicionado,17 dic. – 19 dic.,"4,85", (379 evaluaciones),76€,151€ en total
Habitación privada,Room in the center of Barcelona 1,Ciutat Vella,2 huéspedes · 1 dormitorio · 1 cama · 1 baño compartido,Wifi · Cocina · Lavadora,17 dic. – 19 dic.,"4,44", (59 evaluaciones),55€,110€ en total
Habitación privada,Spotless db room + private bathroom Sants Stn,Distrito de Sants-Montjuïc,3 huéspedes · 1 dormitorio · 1 cama · 1 baño privado,Wifi · Aire acondicionado,10 dic. – 12 dic.,"4,81", (97 evaluaciones),73€,145€ en total
Habitación privada,"Large cosy room in medieval town, city centre",Sant Pere-Santa Caterina i la Ribera,2 huéspedes · 1 dormitorio · 1 cama · 1 baño compartido,Wifi · Cocina · Lavadora,3 dic. – 5 dic.,"4,80", (69 evaluaciones),83€,165€ en total
Habitación privada,Double Simple Room + Perfect Central Location,Sant Marti,"2 huéspedes · 1 dormitorio · 1 cama · 1,5 baños compartidos",Wifi · Cocina,17 dic. – 19 dic.,"4,45", (20 evaluaciones),42€,83€ en total
Habitación privada,Cozy Room in Eixample (downtown Barcelona) 2,L'Antiga Esquerra de l'Eixample,"2 huéspedes · 1 dormitorio · 1 cama · 1,5 baños compartidos",Wifi · Cocina · Lavadora,17 dic. – 19 dic.,"4,50", (40 evaluaciones),61€,121€ en total
Habitación privada,Unique & Quiet Space in Heart of Barcelona,Ciutat Vella,"3 huéspedes · 1 dormitorio · 2 camas · 1,5 baños compartidos",Wifi · Cocina · Lavadora · Aire acondicionado,17 dic. – 19 dic.,"4,97", (32 evaluaciones),57€,114€ en total
Habitación privada,Large room with private balcony 1,Sant Pere-Santa Caterina i la Ribera,4 huéspedes · 1 dormitorio · 3 camas · 1 baño compartido,Wifi · Cocina,17 dic. – 19 dic.,"4,54", (28 evaluaciones),71€,142€ en total
Habitación privada,Habitación doble ideal para parejas,Eixample,2 huéspedes · 1 dormitorio · 1 cama · 1 baño,Wifi · Cocina,10 dic. – 12 dic.,"4,83", (36 evaluaciones),58€,116€ en total
Habitación privada,Stylish Balcony Private Room,Sant Pere-Santa Caterina i la Ribera,2 huéspedes · 1 dormitorio · 1 cama · 1 baño compartido,Wifi · Cocina · Lavadora,17 dic. – 19 dic.,"4,62", (144 evaluaciones),53€,106€ en total
Apartamento con servicios entero,Estudio luminoso en el centro de Barcelona,Eixample,2 huéspedes · Estudio · 2 camas · 1 baño,Wifi · Cocina · Lavadora · Aire acondicionado,17 dic. – 19 dic.,"4,70", (47 evaluaciones),122€,244€ en total
Habitación privada,✈️ Habitación individual a 10 minutos del aeropuerto.,El Prat de Llobregat,1 huésped · 1 dormitorio · 1 cama · 1 baño compartido,Wifi · Cocina,19 nov. – 21 nov.,"4,56", (16 evaluaciones),30€,59€ en total
Habitación privada,"Room whith private bathroom, center near beach",Ciutat Vella,4 huéspedes · 1 dormitorio · 3 camas · 1 baño privado,Wifi · Cocina · Aire acondicionado,10 dic. – 12 dic.,"4,42", (88 evaluaciones),70€,139€ en total
Alojamiento entero: loft,Precioso Loft en Barcelona *Bcn* C03,Eixample,3 huéspedes · Estudio · 2 camas · 1 baño,Tu anfitrión es una empresa · Wifi · Cocina · Lavadora,3 dic. – 5 dic.,"4,66", (92 evaluaciones),130€,260€ en total
Habitación privada,Finca Modernista S. XIX Arc del Triunf Hab. Single,Eixample,"1 huésped · 1 dormitorio · 2 camas · 1,5 baños compartidos",Wifi · Cocina,24 dic. – 26 dic.,"4,93", (14 evaluaciones),42€,83€ en total
Habitación de hostal,Pension Ciudadela - Individual - Tarifa estandar,Sant Pere-Santa Caterina i la Ribera,1 huésped · 1 dormitorio · 1 cama · 1 baño privado,Wifi · Aire acondicionado,24 dic. – 26 dic.,"4,73", (11 evaluaciones),59€,118€ en total
Alojamiento entero: piso,5-3 · Apartamento con encanto en Barcelona,Eixample,4 huéspedes · 2 dormitorios · 2 camas · 1 baño,Wifi · Cocina · Lavadora · Aire acondicionado,17 dic. – 19 dic.,"4,71", (24 evaluaciones),131€,261€ en total
Habitación de hotel,Lovely Double Room with balcony Born,Sant Pere-Santa Caterina i la Ribera,2 huéspedes · 1 dormitorio · 1 baño privado,Wifi · Aire acondicionado,10 dic. – 12 dic.,"4,62", (185 evaluaciones),77€,153€ en total
Habitación privada,Luminosa habitación en casa en Barcelona,Gràcia,"2 huéspedes · 1 dormitorio · 1 cama · 2,5 baños compartidos",Wifi · Lavadora,24 dic. – 26 dic.,"4,79", (63 evaluaciones),49€,98€ en total
Habitación privada,Cuarto Doble Acogedor en centro BCN. Calefacción,Ciutat Vella,2 huéspedes · 1 dormitorio · 1 cama · 1 baño compartido,Wifi,10 dic. – 12 dic.,"4,84", (149 evaluaciones),65€,130€ en total
Alojamiento entero: apartamento,"New apartment. Fira I Europa. - MWC, Granvia Fira",complejo residencial,"4 huéspedes · 1 dormitorio · 2 camas · 1,5 baños",Wifi · Cocina · Lavadora · Aire acondicionado,10 dic. – 12 dic.,"4,72", (220 evaluaciones),103€,206€ en total
Habitación privada,Habitacion Sants-Monjuic,Distrito de Sants-Montjuïc,1 huésped · 1 dormitorio · 1 cama · 1 baño compartido,Wifi · Cocina · Lavadora,10 dic. – 12 dic.,NA,No hay evaluaciones,30€,59€ en total
Habitación privada,Single room in the heart of Gracia,Gràcia,1 huésped · 1 dormitorio · 1 cama · 1 baño compartido,Wifi · Cocina · Aire acondicionado,31 dic. – 2 ene.,"4,53", (157 evaluaciones),40€,79€ en total
Habitación privada,Single room in the heart of Gracia,Gràcia,1 huésped · 1 dormitorio · 1 cama · 1 baño compartido,Wifi · Cocina · Aire acondicionado,31 dic. – 2 ene.,"4,53", (157 evaluaciones),40€,79€ en total
Alojamiento entero: piso,"Bonito y Centrico! Plaza España-FIRA- Rambla 10""",El Poble Sec,2 huéspedes · 1 dormitorio · 1 cama · 1 baño,Wifi · Cocina · Lavadora,24 dic. – 26 dic.,"4,49", (134 evaluaciones),116€,231€ en total
Habitación de hotel,Tiny Double Room,Eixample,2 huéspedes · 1 dormitorio · 1 baño privado,Wifi · Aire acondicionado,17 dic. – 19 dic.,"4,69", (191 evaluaciones),70€,139€ en total
Habitación privada,DOUBLE ROOM NEAR TO THE BEACH AND SAGRADA FAMILIA,El Fort Pienc,2 huéspedes · 1 dormitorio · 1 cama · 1 baño compartido,Wifi · Cocina · Lavadora,17 dic. – 19 dic.,"4,31", (29 evaluaciones),52€,104€ en total
Habitación de hotel,AIRHOSTEL Aeropuerto Barcelona (Mixed room 001),El Prat de Llobregat,1 huésped · 1 dormitorio · 1 cama · 7 baños,Wifi · Cocina · Aire acondicionado,26 nov. – 28 nov.,"4,55", (108 evaluaciones),18€,36€ en total
Habitación privada,"Céntrico, tranquilo y seguro",L'Antiga Esquerra de l'Eixample,"2 huéspedes · 1 dormitorio · 1 cama · 1,5 baños compartidos",Wifi · Cocina,10 dic. – 12 dic.,"4,78", (63 evaluaciones),58€,116€ en total
Habitación privada,"Bcn. Gracia, tranquilo y con terraza",El Camp d'en Grassot i Gràcia Nova,1 huésped · 1 dormitorio · 1 cama · 1 baño compartido,Wifi · Cocina · Lavadora,24 dic. – 26 dic.,"4,83", (7 evaluaciones),36€,71€ en total
Habitación privada,Barcelona One,Ciutat Vella,1 huésped · 1 dormitorio · 1 cama · 1 baño compartido,Wifi,31 dic. – 2 ene.,"4,41", (140 evaluaciones),40€,80€ en total
Alojamiento entero: piso,#1 Atico soleado con terraza - Camp Nou - BCN Fira,L'Hospitalet de Llobregat,"4 huéspedes · 1 dormitorio · 3 camas · 1,5 baños",Wifi · Cocina · Aire acondicionado,17 dic. – 19 dic.,"4,87", (226 evaluaciones),105€,210€ en total
Alojamiento entero: piso,4-4 · Céntrico apartamento de diseño,Eixample,4 huéspedes · 2 dormitorios · 2 camas · 1 baño,Wifi · Cocina · Lavadora · Aire acondicionado,17 dic. – 19 dic.,"5,0", (9 evaluaciones),130€,259€ en total
Alojamiento entero: piso,5-1 · Precioso apartamento en el centro de Barcelona,Eixample,4 huéspedes · 2 dormitorios · 2 camas · 1 baño,Wifi · Cocina · Lavadora · Aire acondicionado,10 dic. – 12 dic.,"4,33", (12 evaluaciones),120€,239€ en total
Habitación privada,habitacion privada en Sants estacion,Eixample,2 huéspedes · 1 dormitorio · 1 cama · 1 baño compartido,Wifi,24 dic. – 26 dic.,"4,56", (27 evaluaciones),26€,52€ en total
Habitación privada,Quiet Room in a Catalan Modernist Apartment,Eixample,"2 huéspedes · 1 dormitorio · 1 cama · 1,5 baños compartidos",Wifi · Cocina · Lavadora,24 dic. – 26 dic.,NA,No hay evaluaciones,60€,119€ en total
Habitación privada,Beauty Room for 2 Persons Centre El Born,Sant Pere-Santa Caterina i la Ribera,2 huéspedes · 1 dormitorio · 1 cama · 1 baño compartido,Wifi · Cocina · Lavadora,24 dic. – 26 dic.,"4,72", (75 evaluaciones),77€,154€ en total
Alojamiento entero: piso,Precioso Estudio en Barcelona *Bcn* A01,Eixample,3 huéspedes · Estudio · 2 camas · 1 baño,Tu anfitrión es una empresa · Wifi · Cocina · Lavadora,17 dic. – 19 dic.,"4,76", (46 evaluaciones),103€,206€ en total
Habitación privada,Habitación doble ( tranquila) cerca de Las Ramblas,Ciutat Vella,2 huéspedes · 1 dormitorio · 2 camas · 2 baños compartidos,Wifi · Lavadora,10 dic. – 12 dic.,"4,90", (10 evaluaciones),50€,100€ en total
Habitación de hotel boutique,Urban Boutique Room 3,L'Hospitalet de Llobregat,2 huéspedes · 1 dormitorio · 1 cama · 1 baño privado,Wifi · Aire acondicionado,17 dic. – 19 dic.,"4,40", (20 evaluaciones),51€,102€ en total
Habitación de hotel,Estilo atemporal en habitación doble con balcón,Eixample,2 huéspedes · 1 dormitorio · 1 baño privado,Wifi · Aire acondicionado,10 dic. – 12 dic.,"4,52", (462 evaluaciones),84€,168€ en total
Habitación privada,Luxurious Room with En Suite Bathroom,Ciutat Vella,2 huéspedes · 1 dormitorio · 1 baño privado,Wifi · Cocina · Aire acondicionado,24 dic. – 26 dic.,"4,88", (42 evaluaciones),95€,189€ en total
Alojamiento entero: piso,Barcelona Marta´s Flat 2 - FC Barcelona HUTB017186,L'Hospitalet de Llobregat,3 huéspedes · 2 dormitorios · 3 camas · 1 baño,Wifi · Cocina · Lavadora · Aire acondicionado,10 dic. – 12 dic.,"4,56", (103 evaluaciones),71€,141€ en total
Habitación de hotel boutique,"Habitación Doble Exterior, baño privado y balcón",Eixample,2 huéspedes · 1 dormitorio · 1 cama · 1 baño privado,Wifi · Aire acondicionado,17 dic. – 19 dic.,"4,56", (9 evaluaciones),87€,174€ en total
Habitación privada,Luxury room with private bathroom 2,Sant Pere-Santa Caterina i la Ribera,3 huéspedes · 1 dormitorio · 1 baño privado,Wifi · Cocina · Lavadora,10 dic. – 12 dic.,"4,53", (15 evaluaciones),76€,151€ en total
Habitación privada,Hostal Ola Living Diagonal 11,Sarrià-Sant Gervasi,2 huéspedes · Estudio · 1 baño,Wifi · Aire acondicionado,3 dic. – 5 dic.,"4,50", (4 evaluaciones),74€,147€ en total
Alojamiento entero: piso,Apartamento SAGRADA FAMILIA - free WIFI - NETFLIX,Sant Marti,5 huéspedes · 2 dormitorios · 2 camas · 1 baño,Wifi · Cocina · Lavadora · Aire acondicionado,17 dic. – 19 dic.,"4,23", (344 evaluaciones),110€,220€ en total
Alojamiento entero: loft,Estudio&terraza/mágicas vistas,Eixample,2 huéspedes · 1 dormitorio · 2 camas · 1 baño,Wifi · Cocina · Lavadora · Aire acondicionado,24 dic. – 26 dic.,"4,92", (441 evaluaciones),154€,307€ en total
Habitación privada,"Casa,Coris (gata) Conxa ,Prat,playas ,Fira,centro",L'Hospitalet de Llobregat,1 huésped · 1 dormitorio · 1 cama · 1 baño compartido,Wifi · Cocina,24 dic. – 26 dic.,"4,63", (156 evaluaciones),26€,52€ en total
Habitación privada,Beautiful Room in GRAN VÍA next Pl. España,La Font de la Guatlla,2 huéspedes · 1 dormitorio · 1 cama · 1 baño privado,Wifi · Cocina · Aire acondicionado,3 dic. – 5 dic.,"4,83", (133 evaluaciones),64€,128€ en total
Habitación privada,"El Faro, habitacion privada 2",Distrito de Horta-Guinardó,2 huéspedes · 1 dormitorio · 2 camas · 1 baño compartido,Wifi · Cocina · Lavadora,31 dic. – 2 ene.,"4,48", (86 evaluaciones),38€,76€ en total
Alojamiento entero: piso,Tranquilo apartamento zona de moda y cerca centro,El Poble Sec,2 huéspedes · 1 dormitorio · 1 cama · 1 baño,Wifi · Cocina · Lavadora · Aire acondicionado,17 dic. – 19 dic.,"4,73", (213 evaluaciones),98€,195€ en total
Habitación privada,HABITACIÓN CERCA A SAGRADA FAMILIA Y PLAYA,El Fort Pienc,2 huéspedes · 1 dormitorio · 1 cama · 1 baño compartido,Wifi · Cocina · Lavadora,24 dic. – 26 dic.,"4,51", (37 evaluaciones),59€,118€ en total
Alojamiento entero: piso,E-1 · E-1 · Apartamento céntrico,Eixample,4 huéspedes · 2 dormitorios · 2 camas · 1 baño,Wifi · Cocina · Lavadora · Aire acondicionado,10 dic. – 12 dic.,"4,45", (11 evaluaciones),115€,230€ en total
Alojamiento entero: piso,5-2 · Apartamento céntrico en Barcelona,Eixample,4 huéspedes · 1 dormitorio · 1 cama · 1 baño,Wifi · Cocina · Lavadora · Aire acondicionado,3 dic. – 5 dic.,"4,63", (16 evaluaciones),127€,254€ en total
Habitación privada,Habitacion-1,Ciutat Vella,2 huéspedes · 1 dormitorio · 1 cama · 1 baño compartido,Wifi · Cocina,3 dic. – 5 dic.,"4,73", (127 evaluaciones),51€,101€ en total
Habitación privada,Sagrada Familia Apartment + Rooftoph,La Sagrada Familia,2 huéspedes · 1 dormitorio · 1 cama · 1 baño,Wifi · Cocina · Lavadora,3 dic. – 5 dic.,"4,14", (69 evaluaciones),51€,101€ en total
Habitación privada,步行2分钟到圣家堂的家庭民宿,La Sagrada Familia,2 huéspedes · 1 dormitorio · 1 cama · 1 baño compartido,Wifi · Lavadora,24 dic. – 26 dic.,"4,55", (40 evaluaciones),38€,75€ en total
Habitación privada,Bonita habitación en casa en Barcelona,Gràcia,"2 huéspedes · 1 dormitorio · 1 cama · 2,5 baños compartidos",Wifi · Lavadora,17 dic. – 19 dic.,"4,79", (28 evaluaciones),42€,83€ en total
Habitación privada,Preciosa habitación con un balcón,El Poble Sec,2 huéspedes · 1 dormitorio · 1 cama · 1 baño compartido,Wifi · Cocina · Lavadora,19 nov. – 21 nov.,"4,83", (79 evaluaciones),64€,127€ en total
Habitación de hotel boutique,"Hostal Khronos, Twin Ecomony",Eixample,2 huéspedes · 1 dormitorio · 2 camas · 1 baño privado,Wifi · Aire acondicionado,10 dic. – 12 dic.,"4,75", (4 evaluaciones),72€,144€ en total
Habitación privada,"El Faro, habitacion privada 3",Distrito de Horta-Guinardó,2 huéspedes · 1 dormitorio · 1 cama · 1 baño compartido,Wifi · Cocina · Lavadora,24 dic. – 26 dic.,"4,57", (67 evaluaciones),31€,62€ en total
Habitación de hotel boutique,Urban Boutique Room 4,L'Hospitalet de Llobregat,2 huéspedes · 1 dormitorio · 1 cama · 1 baño privado,Wifi · Aire acondicionado,10 dic. – 12 dic.,"4,54", (13 evaluaciones),46€,92€ en total
Habitación privada,Beautiful Bedroom Barcelona City Center,Sant Pere-Santa Caterina i la Ribera,2 huéspedes · 1 dormitorio · 1 cama · 1 baño compartido,Wifi · Cocina · Lavadora,24 dic. – 26 dic.,"4,84", (108 evaluaciones),66€,131€ en total
Habitación de hotel,Double Eco-room (Double eco-room with private bathroom),Distrito de Sants-Montjuïc,2 huéspedes · 1 dormitorio · 1 cama · 1 baño,Wifi · Aire acondicionado,17 dic. – 19 dic.,"4,61", (166 evaluaciones),58€,116€ en total
Habitación privada,Fantastica Habitación #3 a 1 min del Arc de Triomf,Eixample,"2 huéspedes · 1 dormitorio · 1 cama · 1,5 baños compartidos",Wifi · Cocina,3 dic. – 5 dic.,"4,75", (189 evaluaciones),63€,125€ en total
Habitación privada,Tu casa Fuera de Casa con desayuno,Sant Adrià de Besòs,2 huéspedes · 1 dormitorio · 1 cama · 1 baño compartido,Wifi · Cocina · Lavadora · Aire acondicionado,10 dic. – 12 dic.,"4,96", (138 evaluaciones),30€,59€ en total
Alojamiento entero: piso,Sagrada Familia charming,La Sagrada Familia,8 huéspedes · 3 dormitorios · 5 camas · 2 baños,Wifi · Cocina · Lavadora · Aire acondicionado,10 dic. – 12 dic.,"4,82", (377 evaluaciones),165€,329€ en total
Habitación privada,The Room in BCN,Distrito de Sants-Montjuïc,2 huéspedes · 1 dormitorio · 1 cama · 1 baño compartido,Wifi · Cocina · Lavadora,10 dic. – 12 dic.,"4,86", (167 evaluaciones),56€,112€ en total
Habitación privada,Bowindow Room in Catalan Modernist Apartment,Eixample,"2 huéspedes · 4 dormitorios · 3 camas · 1,5 baños compartidos",Wifi · Cocina · Lavadora,17 dic. – 19 dic.,NA,No hay evaluaciones,62€,123€ en total
Alojamiento entero: piso,"InBarcelonaSuites, Paseo de Gracia, 4 guests.",Gràcia,4 huéspedes · 1 dormitorio · 2 camas · 1 baño,Wifi · Cocina · Lavadora · Aire acondicionado,10 dic. – 12 dic.,"4,85", (225 evaluaciones),136€,272€ en total
Alojamiento entero: piso,A3 Passeig de Gràcia & Apartment Enjoy it Forever,Eixample,2 huéspedes · 1 dormitorio · 1 cama · 1 baño,Wifi · Cocina · Lavadora · Aire acondicionado,26 nov. – 28 nov.,"4,13", (8 evaluaciones),107€,213€ en total
Habitación privada,Habitación en piso con una bonita terraza,Pubilla Cases,"2 huéspedes · 1 dormitorio · 1 cama · 1,5 baños compartidos",Wifi · Cocina · Lavadora,26 nov. – 28 nov.,NA,No hay evaluaciones,35€,70€ en total
Habitación privada,Ciutadella-vila olimpica beach 1,Sant Marti,2 huéspedes · 1 dormitorio · 1 cama · 2 baños compartidos,Wifi · Cocina · Aire acondicionado,31 dic. – 2 ene.,"4,59", (194 evaluaciones),53€,106€ en total
Alojamiento entero: piso,1-1 · Apartamento a 10 minutos de la Sagrada Familia,Eixample,2 huéspedes · 2 dormitorios · 2 camas · 1 baño,Wifi · Cocina · Lavadora · Aire acondicionado,17 dic. – 19 dic.,"4,87", (15 evaluaciones),112€,224€ en total
Habitación privada,Amplia habitación con terraza y baño privado,Eixample,2 huéspedes · 1 dormitorio · 1 cama · 1 baño privado,Wifi · Lavadora,3 dic. – 5 dic.,"4,88", (113 evaluaciones),86€,171€ en total
Alojamiento entero: piso,Increíble piso de 4BR FUENTES DE MONTJUIC !!!,El Poble Sec,6 huéspedes · 4 dormitorios · 6 camas · 2 baños,Wifi · Cocina · Lavadora · Aire acondicionado,10 dic. – 12 dic.,"4,48", (25 evaluaciones),146€,292€ en total
Habitación privada,"Private Lounge, bathroom & bedroom",L'Antiga Esquerra de l'Eixample,4 huéspedes · 1 dormitorio · 1 cama · 1 baño privado,Wifi · Cocina · Lavadora,10 dic. – 12 dic.,"4,84", (228 evaluaciones),84€,167€ en total
Habitación privada,2 bed in single room Near Sagrada Familia,Distrito de Horta-Guinardó,"2 huéspedes · 1 dormitorio · 1 cama · 1,5 baños compartidos",Wifi · Cocina · Lavadora · Aire acondicionado,31 dic. – 2 ene.,"4,57", (7 evaluaciones),56€,111€ en total
Alojamiento entero: piso,Bright and roomy flat city center,El Fort Pienc,"6 huéspedes · 4 dormitorios · 4 camas · 1,5 baños",Wifi · Cocina · Lavadora · Aire acondicionado,10 dic. – 12 dic.,"4,56", (284 evaluaciones),95€,190€ en total
Alojamiento entero: piso,Attic with terrace,Hostafrangs,4 huéspedes · 2 dormitorios · 3 camas · 2 baños,Wifi · Cocina · Lavadora · Aire acondicionado,10 dic. – 12 dic.,"4,82", (400 evaluaciones),127€,253€ en total
Alojamiento entero: piso,ÁTICO CON TERRAZA PRIVADA PLAZA ESPAÑA,Hostafrangs,2 huéspedes · 1 dormitorio · 1 cama · 1 baño,Wifi · Cocina · Lavadora · Aire acondicionado,10 dic. – 12 dic.,"4,79", (263 evaluaciones),111€,222€ en total
Habitación privada,HAB PRIVADA,Ciutat Vella,"2 huéspedes · 3 dormitorios · 1 cama · 1,5 baños compartidos",Wifi · Aire acondicionado,24 dic. – 26 dic.,"4,52", (48 evaluaciones),45€,90€ en total
Habitación privada,Cosy & Warm single bed near (100 m) FCB stadium,Les Corts,1 huésped · Estudio · 1 cama · 1 baño compartido,Wifi · Cocina · Lavadora,17 dic. – 19 dic.,"4,56", (10 evaluaciones),32€,64€ en total
Habitación privada,Large room with private bathroom and balcony a,Ciutat Vella,4 huéspedes · 1 dormitorio · 4 camas · 1 baño compartido,17 dic. – 19 dic.,"4,75",NA,No hay evaluaciones,70€,139€ en total
Alojamiento entero: piso,Cozy small Apartment,Eixample,3 huéspedes · 2 dormitorios · 2 camas · 1 baño,Tu anfitrión es una empresa · Wifi · Cocina · Lavadora,17 dic. – 19 dic.,"4,18", (28 evaluaciones),133€,266€ en total
Habitación privada,KIDS PARADISE WITH A HUGE SUNNY TERRACE IN SANTS,Distrito de Sants-Montjuïc,2 huéspedes · 1 dormitorio · 1 cama · 1 baño compartido,Wifi · Cocina · Lavadora · Aire acondicionado,17 dic. – 19 dic.,"4,87", (163 evaluaciones),53€,106€ en total
Alojamiento entero: apartamento,💟 BCN Premium Paseo de Gracia: Your Apt & Terrace🧘‍♀️,complejo residencial,7 huéspedes · 3 dormitorios · 5 camas · 2 baños,Wifi · Cocina · Lavadora · Aire acondicionado,17 dic. – 19 dic.,"4,51", (259 evaluaciones),148€,296€ en total
Alojamiento entero: piso,Bonito piso al lado parque Guell1,Gràcia,4 huéspedes · Estudio · 2 camas · 1 baño,Wifi · Cocina · Lavadora · Aire acondicionado,10 dic. – 12 dic.,"4,42", (245 evaluaciones),81€,161€ en total
Alojamiento entero: piso,3-4 · Acogedor apartamento en Barcelona,Eixample,3 huéspedes · 2 dormitorios · 2 camas · 1 baño,Wifi · Cocina · Lavadora · Aire acondicionado,17 dic. – 19 dic.,"4,77", (13 evaluaciones),126€,251€ en total
Alojamiento entero: piso,Cómodo y económico piso muy cerca del Gótico,El Poble Sec,4 huéspedes · 2 dormitorios · 3 camas · 1 baño,Wifi · Cocina · Lavadora · Aire acondicionado,17 dic. – 19 dic.,"4,58", (257 evaluaciones),108€,216€ en total
Alojamiento entero: piso,Apartamento soleado cerca de Ramblas Wifi *Bcn*,Eixample,6 huéspedes · 2 dormitorios · 3 camas · 1 baño,Tu anfitrión es una empresa · Wifi · Cocina · Lavadora,17 dic. – 19 dic.,"4,15", (66 evaluaciones),118€,235€ en total
Habitación privada,Cómoda habitación doble en casa antigua,Gràcia,"2 huéspedes · 1 dormitorio · 1 cama · 2,5 baños compartidos",Wifi · Lavadora,3 dic. – 5 dic.,"4,80", (54 evaluaciones),45€,89€ en total
Habitación privada,Habitación privada en el gótico,Ciutat Vella,"2 huéspedes · 1 dormitorio · 2 camas · 1,5 baños",Wifi · Cocina · Lavadora,10 dic. – 12 dic.,"4,94", (32 evaluaciones),53€,105€ en total
Habitación privada,2. Room in the city center near Sagrada Familia.,El Fort Pienc,2 huéspedes · 1 dormitorio · 1 cama · 1 baño compartido,Wifi · Cocina · Lavadora,26 nov. – 28 nov.,"4,43", (58 evaluaciones),52€,104€ en total
Habitación privada,Chilling Center,L'Antiga Esquerra de l'Eixample,1 huésped · 1 dormitorio · 1 cama · 1 baño compartido,Wifi · Aire acondicionado,26 nov. – 28 nov.,"4,57", (7 evaluaciones),57€,114€ en total
Habitación privada,tranquila y confortable habitación SAGRADA FAMILIA,La Sagrada Familia,2 huéspedes · 1 dormitorio · 1 cama · 1 baño compartido,Wifi · Cocina · Lavadora,3 dic. – 5 dic.,"4,59", (34 evaluaciones),57€,114€ en total
Alojamiento entero: piso,OLA LIVING BORN 10 ATTIC,Sant Pere-Santa Caterina i la Ribera,2 huéspedes · Estudio · 1 cama · 1 baño,Wifi · Cocina · Aire acondicionado,26 nov. – 28 nov.,"4,0", (7 evaluaciones),102€,203€ en total
Habitación privada,Habitación doble en Sagrada Familia,La Sagrada Familia,2 huéspedes · 1 dormitorio · 1 cama · 1 baño compartido,Wifi,31 dic. – 2 ene.,"4,25", (460 evaluaciones),48€,95€ en total
Habitación de hostal,"Habitación Doble Superior, Baño Privado",Eixample,2 huéspedes · 1 dormitorio · 2 camas · 1 baño privado,Wifi · Aire acondicionado,17 dic. – 19 dic.,"5,0", (4 evaluaciones),61€,122€ en total
Alojamiento entero: piso,Poblenou-New York,Sant Marti,"2 huéspedes · 1 dormitorio · 1 cama · 1,5 baños",Wifi · Cocina · Lavadora · Aire acondicionado,24 dic. – 26 dic.,"4,93", (41 evaluaciones),130€,260€ en total
Habitación privada,Hostal Ola Living Diagonal 10 Individual,Sarrià-Sant Gervasi,1 huésped · Estudio · 1 baño,Wifi · Aire acondicionado,17 dic. – 19 dic.,"4,33", (6 evaluaciones),65€,129€ en total
Alojamiento entero: piso,M3- Basic Apartment & connected Airport and Center,L'Hospitalet de Llobregat,2 huéspedes · 1 dormitorio · 1 cama · 1 baño,Wifi · Aire acondicionado,26 nov. – 28 nov.,NA,No hay evaluaciones,59€,117€ en total
Apartamento con servicios entero,"APARTAMENTO ALL NEW, CAMP NOU. CASA BATITO 6",L'Hospitalet de Llobregat,4 huéspedes · 1 dormitorio · 1 baño,Wifi · Cocina · Aire acondicionado,10 dic. – 12 dic.,"4,78", (9 evaluaciones),90€,180€ en total
Habitación privada,Habitación Confortable,L'Hospitalet de Llobregat,1 huésped · 1 dormitorio · 1 cama · 1 baño compartido,Wifi · Cocina · Lavadora,31 dic. – 2 ene.,"5,0", (10 evaluaciones),30€,59€ en total
Alojamiento entero: piso,OZONE DISINFECTED design apartment in the center,El Poble Sec,3 huéspedes · 1 dormitorio · 1 cama · 1 baño,Wifi · Cocina · Lavadora · Aire acondicionado,17 dic. – 19 dic.,"4,84", (75 evaluaciones),107€,214€ en total
Alojamiento entero: loft,Centric studio de Born,Ciutat Vella,"3 huéspedes · 1 dormitorio · 3 camas · 1,5 baños",Wifi · Cocina · Lavadora · Aire acondicionado,10 dic. – 12 dic.,"4,20", (10 evaluaciones),90€,180€ en total
Apartamento con servicios entero,Luminoso Loft en Sagrada Familia!,La Sagrada Familia,2 huéspedes · 1 dormitorio · 1 cama · 1 baño,Wifi · Cocina · Aire acondicionado,17 dic. – 19 dic.,"4,68", (208 evaluaciones),93€,186€ en total
Habitación privada,Cozy nice room en Plaza España,Hostafrangs,"2 huéspedes · 1 dormitorio · 1 cama · 1,5 baños compartidos",Wifi · Cocina,10 dic. – 12 dic.,"4,60", (25 evaluaciones),52€,103€ en total
Alojamiento entero: piso,Beautiful apartment sagrada familia/parque güell,Gràcia,4 huéspedes · 2 dormitorios · 3 camas · 1 baño,Wifi · Cocina · Lavadora · Aire acondicionado,10 dic. – 12 dic.,NA,No hay evaluaciones,113€,225€ en total
Alojamiento entero: piso,My Address in Plaza Real views,Ciutat Vella,4 huéspedes · 2 dormitorios · 4 camas · 1 baño,Tu anfitrión es una empresa · Wifi · Aire acondicionado,10 dic. – 12 dic.,"4,42", (38 evaluaciones),175€,350€ en total
Alojamiento entero: apartamento,Apartamento moderno cerca de la playa,complejo residencial,4 huéspedes · 1 dormitorio · 2 camas · 1 baño,Wifi · Cocina · Lavadora · Aire acondicionado,10 dic. – 12 dic.,"4,88", (335 evaluaciones),135€,270€ en total
Habitación privada,Sunny Double Room close to Sagrada Familia,El Fort Pienc,2 huéspedes · 1 dormitorio · 1 cama · 1 baño compartido,Wifi · Cocina · Lavadora,10 dic. – 12 dic.,"5,0", (3 evaluaciones),56€,111€ en total
Habitación privada,Gorgeous 30 sqm Suite in the heart of Barcelona,Ciutat Vella,4 huéspedes · 1 dormitorio · 2 camas · 1 baño privado,Wifi · Cocina,10 dic. – 12 dic.,"4,71", (14 evaluaciones),78€,156€ en total
Alojamiento entero: piso,Acogedor estudio en el centro del Born,Sant Pere-Santa Caterina i la Ribera,3 huéspedes · Estudio · 1 baño,Wifi · Cocina · Aire acondicionado,3 dic. – 5 dic.,"4,39", (155 evaluaciones),116€,232€ en total
Apartamento con servicios entero,The Sagrada Familia Apartment,La Sagrada Familia,3 huéspedes · 1 dormitorio · 1 cama · 1 baño,Wifi · Cocina · Lavadora · Aire acondicionado,10 dic. – 12 dic.,"4,53", (80 evaluaciones),107€,214€ en total
Alojamiento entero: piso,★ CASA MIRO by Cocoon Barcelona,Eixample,4 huéspedes · 1 dormitorio · 2 camas · 1 baño,Wifi · Cocina · Lavadora · Aire acondicionado,24 dic. – 26 dic.,"4,76", (41 evaluaciones),142€,284€ en total
Apartamento con servicios entero,Palmer I . Acogedor y confortable !,Pubilla Cases,2 huéspedes · 1 dormitorio · 2 camas · 1 baño,Wifi · Cocina · Lavadora · Aire acondicionado,17 dic. – 19 dic.,"4,77", (13 evaluaciones),92€,183€ en total
Habitación privada,Sunny room for 2 persons near Park Guell Barcelona,El Carmel,2 huéspedes · 1 dormitorio · 1 cama · 1 baño compartido,Wifi · Cocina · Lavadora,26 nov. – 28 nov.,"4,38", (119 evaluaciones),36€,71€ en total
Habitación privada,Room in the center of Barcelona 2,Ciutat Vella,2 huéspedes · 1 dormitorio · 1 cama · 1 baño compartido,Wifi,10 dic. – 12 dic.,"4,39", (54 evaluaciones),49€,98€ en total
Habitación privada,Villa Gil,El Fort Pienc,2 huéspedes · 1 dormitorio · 1 cama · 1 baño compartido,Wifi,3 dic. – 5 dic.,"4,32", (28 evaluaciones),51€,102€ en total
Habitación privada,Marina Room close to downtown,El Poble Sec,2 huéspedes · 1 dormitorio · 1 cama · 1 baño compartido,Wifi,31 dic. – 2 ene.,"4,65", (54 evaluaciones),53€,106€ en total
Alojamiento entero: piso,Tallers Ángels,Ciutat Vella,2 huéspedes · 1 dormitorio · 1 cama · 1 baño,Wifi · Cocina · Lavadora · Aire acondicionado,10 dic. – 12 dic.,"4,60", (5 evaluaciones),136€,272€ en total
Alojamiento entero: loft,"Luxury loft new and fully furnished, top amenities",El Carmel,"4 huéspedes · 1 dormitorio · 3 camas · 1,5 baños",Wifi · Cocina · Lavadora · Aire acondicionado,17 dic. – 19 dic.,"5,0", (6 evaluaciones),105€,209€ en total
Habitación privada,Lovely double room heart Barcelona,Ciutat Vella,2 huéspedes · 1 dormitorio · 1 cama · 1 baño compartido,Wifi · Cocina · Lavadora,10 dic. – 12 dic.,"4,41", (142 evaluaciones),73€,145€ en total
Habitación de hotel boutique,Comfort Double Room City View,Eixample,2 huéspedes · 1 dormitorio · 1 cama · 1 baño,Wifi · Aire acondicionado,24 dic. – 26 dic.,"4,70", (10 evaluaciones),87€,173€ en total
Habitación privada,Habitación Económica Aeropuerto Barcelona 24horas,El Prat de Llobregat,1 huésped · 1 dormitorio · 1 cama · 1 baño compartido,Wifi · Cocina · Lavadora · Aire acondicionado,10 dic. – 12 dic.,"4,86", (35 evaluaciones),28€,56€ en total
Apartamento con servicios entero,Cómodos apartamentos cerca de Las Ramblas,Eixample,6 huéspedes · 2 dormitorios · 4 camas · 2 baños,Wifi · Cocina · Lavadora · Aire acondicionado,17 dic. – 19 dic.,"4,65", (23 evaluaciones),165€,330€ en total
Habitación privada,"Alquilo habitación para chica, cómoda, con wifi",L'Hospitalet de Llobregat,1 huésped · 1 dormitorio · 1 cama · Aseo compartido,Wifi · Aire acondicionado,19 nov. – 21 nov.,"4,69", (81 evaluaciones),23€,45€ en total
Habitación privada,Private room in Gracia,Gràcia,1 huésped · 3 dormitorios · 1 baño compartido,Wifi · Cocina · Lavadora,31 dic. – 2 ene.,NA,No hay evaluaciones,28€,55€ en total
Habitación privada,Amazing room in plaza España,Hostafrangs,"2 huéspedes · 1 dormitorio · 1 cama · 1,5 baños compartidos",Wifi · Cocina · Aire acondicionado,24 dic. – 26 dic.,"5,0", (6 evaluaciones),59€,118€ en total
Alojamiento entero: piso,3-3 · Apartamento céntrico para 3 personas,Eixample,3 huéspedes · 2 dormitorios · 2 camas · 1 baño,Wifi · Cocina · Lavadora · Aire acondicionado,17 dic. – 19 dic.,"3,90", (10 evaluaciones),117€,234€ en total
Habitación privada,Cuarto Doble con Baño privado. Calefacción.,Ciutat Vella,2 huéspedes · 1 dormitorio · 1 cama · 1 baño privado,Wifi · Aire acondicionado,3 dic. – 5 dic.,"4,80", (158 evaluaciones),79€,158€ en total
Habitación privada,❤ Nice and cozy Bedroom 🎨 Picasso Room,La Sagrada Familia,2 huéspedes · 1 dormitorio · 1 cama · 1 baño compartido,Wifi · Cocina · Lavadora,17 dic. – 19 dic.,"4,91", (11 evaluaciones),45€,90€ en total
Alojamiento entero: piso,Lovely &Cozy Flat 9 min walk from Sagrada Familia,El Fort Pienc,2 huéspedes · 1 dormitorio · 2 camas · 1 baño,Wifi · Cocina · Lavadora · Aire acondicionado,17 dic. – 19 dic.,"4,58", (258 evaluaciones),122€,243€ en total
Habitación privada,Room close to Las Ramblas E3,Ciutat Vella,3 huéspedes · 1 dormitorio · 3 camas · 1 baño compartido,Wifi · Cocina · Aire acondicionado,17 dic. – 19 dic.,"4,27", (15 evaluaciones),58€,116€ en total
Habitación de hotel,"Habitación Twin, en el corazón de Barcelona",Ciutat Vella,2 huéspedes · 1 dormitorio · 2 camas · 1 baño privado,Wifi · Aire acondicionado,24 dic. – 26 dic.,"4,36", (14 evaluaciones),75€,150€ en total
Habitación privada,Dormitorio X 2 personas LOVE- AIR,Sant Pere-Santa Caterina i la Ribera,2 huéspedes · 1 dormitorio · 2 camas · 1 baño privado,Wifi · Cocina,24 dic. – 26 dic.,"4,20", (10 evaluaciones),53€,106€ en total
Habitación privada,comoda habitacion en el centro de barcelona,El Poble Sec,2 huéspedes · 1 dormitorio · 1 cama · 1 baño compartido,Wifi · Lavadora,3 dic. – 5 dic.,"4,68", (118 evaluaciones),54€,108€ en total
Alojamiento entero: piso,Central y encantador apartamento.,El Camp d'en Grassot i Gràcia Nova,6 huéspedes · 2 dormitorios · 4 camas · 2 baños,Wifi · Cocina · Lavadora · Aire acondicionado,10 dic. – 12 dic.,"4,49", (115 evaluaciones),122€,243€ en total
Habitación privada,Beautiful and sunny apartment at Eixample!,El Fort Pienc,2 huéspedes · 1 dormitorio · 1 cama · 1 baño,Wifi · Cocina · Lavadora,17 dic. – 19 dic.,NA,No hay evaluaciones,58€,116€ en total
Habitación privada,Room near the center,Distrito de Sants-Montjuïc,2 huéspedes · 1 dormitorio · 1 cama · 1 baño,Wifi,17 dic. – 19 dic.,"4,21", (185 evaluaciones),36€,71€ en total
Alojamiento entero: piso,Luminoso y coqueto ático. - License HUTB-016889,L'Hospitalet de Llobregat,4 huéspedes · 2 dormitorios · 4 camas · 1 baño,Tu anfitrión es una empresa · Wifi · Cocina · Aire acondicionado,26 nov. – 28 nov.,"4,46", (216 evaluaciones),93€,185€ en total
